,contractSymbol,lastTradeDate,strike,lastPrice,bid,ask,change,percentChange,volume,openInterest,impliedVolatility,inTheMoney,contractSize,currency
0,SPY260605P00400000,2026-05-21 18:32:43+00:00,400.0,0.01,0.0,0.01,0.0,0.0,120.0,1126,0.9062509375,False,REGULAR,USD
1,SPY260605P00405000,2026-05-21 18:32:35+00:00,405.0,0.01,0.0,0.01,0.0,0.0,120.0,665,0.87500125,False,REGULAR,USD
2,SPY260605P00410000,2026-05-15 17:45:22+00:00,410.0,0.02,0.0,0.01,0.0,0.0,15.0,463,0.87500125,False,REGULAR,USD
3,SPY260605P00415000,2026-05-21 18:32:29+00:00,415.0,0.01,0.0,0.01,0.0,0.0,120.0,1037,0.8437515624999999,False,REGULAR,USD
4,SPY260605P00420000,2026-05-19 17:24:42+00:00,420.0,0.01,0.0,0.01,0.0,0.0,3.0,610,0.8437515624999999,False,REGULAR,USD
5,SPY260605P00425000,2026-05-21 18:32:21+00:00,425.0,0.01,0.0,0.01,0.0,0.0,360.0,371,0.8125018749999999,False,REGULAR,USD
6,SPY260605P00430000,2026-05-21 18:32:13+00:00,430.0,0.01,0.0,0.01,0.0,0.0,120.0,224,0.79687703125,False,REGULAR,USD
7,SPY260605P00435000,2026-05-21 18:32:07+00:00,435.0,0.01,0.0,0.01,0.0,0.0,2.0,1093,0.7812521875,False,REGULAR,USD
8,SPY260605P00440000,2026-05-21 18:30:28+00:00,440.0,0.01,0.0,0.01,0.0,0.0,120.0,373,0.7656273437500001,False,REGULAR,USD
9,SPY260605P00445000,2026-05-21 18:05:54+00:00,445.0,0.01,0.0,0.01,0.0,0.0,120.0,497,0.7500025,False,REGULAR,USD
10,SPY260605P00450000,2026-05-21 18:05:31+00:00,450.0,0.01,0.0,0.01,0.0,0.0,360.0,1347,0.73437765625,False,REGULAR,USD
11,SPY260605P00455000,2026-05-21 18:05:05+00:00,455.0,0.01,0.0,0.01,0.0,0.0,432.0,403,0.7187528125,False,REGULAR,USD
12,SPY260605P00460000,2026-05-21 18:04:48+00:00,460.0,0.01,0.0,0.01,0.0,0.0,575.0,1805,0.70312796875,False,REGULAR,USD
13,SPY260605P00465000,2026-05-21 18:04:28+00:00,465.0,0.01,0.0,0.01,0.0,0.0,300.0,1270,0.6875031250000001,False,REGULAR,USD
14,SPY260605P00470000,2026-05-21 18:04:09+00:00,470.0,0.01,0.0,0.01,0.0,0.0,240.0,3143,0.6718782812500002,False,REGULAR,USD
15,SPY260605P00475000,2026-05-21 18:03:51+00:00,475.0,0.01,0.0,0.01,0.0,0.0,60.0,4535,0.6562534375000001,False,REGULAR,USD
16,SPY260605P00480000,2026-05-22 18:46:33+00:00,480.0,0.01,0.0,0.02,0.0,0.0,96.0,414,0.6796907031250001,False,REGULAR,USD
17,SPY260605P00485000,2026-05-21 20:09:18+00:00,485.0,0.01,0.01,0.02,0.0,0.0,10.0,13,0.6875031250000001,False,REGULAR,USD
18,SPY260605P00490000,2026-05-22 17:44:53+00:00,490.0,0.01,0.01,0.02,-0.01,-50.0,100.0,349,0.6718782812500002,False,REGULAR,USD
19,SPY260605P00495000,2026-05-20 14:07:00+00:00,495.0,0.01,0.01,0.02,-0.01,-50.0,16.0,236,0.6562534375000001,False,REGULAR,USD
20,SPY260605P00500000,2026-05-22 15:30:50+00:00,500.0,0.02,0.01,0.02,0.0,0.0,10.0,7603,0.64062859375,False,REGULAR,USD
21,SPY260605P00505000,2026-05-21 15:04:51+00:00,505.0,0.02,0.01,0.02,0.0,0.0,87.0,955,0.6250037500000001,False,REGULAR,USD
22,SPY260605P00510000,2026-05-21 16:55:52+00:00,510.0,0.02,0.01,0.02,0.0,0.0,130.0,4953,0.6093789062500001,False,REGULAR,USD
23,SPY260605P00515000,2026-05-21 16:02:41+00:00,515.0,0.02,0.01,0.02,0.0,0.0,21.0,4314,0.5937540625000001,False,REGULAR,USD
24,SPY260605P00520000,2026-05-21 16:07:42+00:00,520.0,0.02,0.01,0.02,0.0,0.0,3.0,132,0.5820354296875,False,REGULAR,USD
25,SPY260605P00525000,2026-05-21 17:48:27+00:00,525.0,0.03,0.01,0.02,0.01,50.0,1.0,267,0.5664105859375,False,REGULAR,USD
26,SPY260605P00530000,2026-05-22 13:50:09+00:00,530.0,0.02,0.02,0.03,0.0,0.0,10.0,430,0.57812921875,False,REGULAR,USD
27,SPY260605P00535000,2026-05-22 19:22:00+00:00,535.0,0.01,0.02,0.03,-0.01,-50.0,1587.0,1182,0.5625043750000001,False,REGULAR,USD
28,SPY260605P00540000,2026-05-22 17:49:59+00:00,540.0,0.02,0.02,0.03,-0.01,-33.333336,2680.0,1326,0.5468795312500001,False,REGULAR,USD
29,SPY260605P00545000,2026-05-22 15:57:21+00:00,545.0,0.02,0.02,0.03,-0.01,-33.333336,3.0,762,0.5312546875,False,REGULAR,USD
30,SPY260605P00550000,2026-05-22 15:34:29+00:00,550.0,0.02,0.02,0.03,-0.01,-33.333336,11.0,400,0.5195360546875,False,REGULAR,USD
31,SPY260605P00555000,2026-05-21 18:42:06+00:00,555.0,0.03,0.03,0.04,0.0,0.0,7.0,182,0.5195360546875,False,REGULAR,USD
32,SPY260605P00560000,2026-05-21 19:47:22+00:00,560.0,0.03,0.03,0.04,0.0,0.0,1.0,253,0.5039112109375,False,REGULAR,USD
33,SPY260605P00565000,2026-05-22 18:31:45+00:00,565.0,0.03,0.03,0.04,0.0,0.0,1340.0,281,0.49609878906250005,False,REGULAR,USD
34,SPY260605P00570000,2026-05-22 17:55:27+00:00,570.0,0.03,0.03,0.04,0.0,0.0,2377.0,124,0.48242705078125003,False,REGULAR,USD
35,SPY260605P00575000,2026-05-22 17:55:59+00:00,575.0,0.03,0.03,0.04,-0.01,-25.0,1229.0,487,0.46680220703125,False,REGULAR,USD
36,SPY260605P00580000,2026-05-22 13:39:37+00:00,580.0,0.03,0.04,0.05,-0.01,-25.0,50.0,157,0.46289599609375004,False,REGULAR,USD
37,SPY260605P00585000,2026-05-22 13:30:00+00:00,585.0,0.03,0.04,0.05,-0.01,-25.0,15.0,821,0.44922425781249997,False,REGULAR,USD
38,SPY260605P00588000,2026-05-21 19:59:22+00:00,588.0,0.04,0.04,0.05,0.0,0.0,5.0,370,0.43945873046875,False,REGULAR,USD
39,SPY260605P00589000,2026-05-20 13:51:08+00:00,589.0,0.08,0.04,0.05,0.0,0.0,7.0,486,0.437505625,False,REGULAR,USD
40,SPY260605P00590000,2026-05-21 17:55:47+00:00,590.0,0.04,0.04,0.05,0.0,0.0,311.0,784,0.4335994140625,False,REGULAR,USD
41,SPY260605P00591000,2026-05-22 17:49:07+00:00,591.0,0.04,0.04,0.05,-0.030000001,-42.857143,100.0,103,0.43164630859375,False,REGULAR,USD
42,SPY260605P00592000,2026-05-22 17:39:57+00:00,592.0,0.04,0.05,0.06,-0.010000002,-20.000004,2.0,8,0.43555251953125,False,REGULAR,USD
43,SPY260605P00593000,2026-05-15 14:05:46+00:00,593.0,0.21,0.05,0.06,0.0,0.0,1.0,3,0.4335994140625,False,REGULAR,USD
44,SPY260605P00594000,2026-05-22 17:20:42+00:00,594.0,0.04,0.05,0.06,-0.18,-81.818184,1.0,58,0.43066975585937506,False,REGULAR,USD
45,SPY260605P00595000,2026-05-22 16:44:26+00:00,595.0,0.05,0.05,0.06,0.0,0.0,1551.0,106,0.42774009765625004,False,REGULAR,USD
46,SPY260605P00596000,2026-05-22 17:08:22+00:00,596.0,0.04,0.05,0.06,-0.010000002,-20.000004,1838.0,5,0.424810439453125,False,REGULAR,USD
47,SPY260605P00597000,2026-05-07 15:51:31+00:00,597.0,0.35,0.05,0.06,0.0,0.0,82.0,85,0.42188078125,False,REGULAR,USD
48,SPY260605P00598000,2026-05-22 17:34:50+00:00,598.0,0.04,0.05,0.06,-0.02,-33.333336,103.0,57,0.418951123046875,False,REGULAR,USD
49,SPY260605P00599000,2026-05-21 17:57:52+00:00,599.0,0.05,0.05,0.06,0.0,0.0,801.0,811,0.41602146484374997,False,REGULAR,USD
50,SPY260605P00600000,2026-05-22 20:03:25+00:00,600.0,0.06,0.05,0.06,0.0,0.0,8.0,337,0.41309180664062495,False,REGULAR,USD
51,SPY260605P00601000,2026-05-21 17:57:46+00:00,601.0,0.05,0.05,0.06,0.0,0.0,802.0,1301,0.4101621484375,False,REGULAR,USD
52,SPY260605P00602000,2026-05-22 18:01:23+00:00,602.0,0.05,0.05,0.06,-0.06,-54.545456,100.0,23,0.407232490234375,False,REGULAR,USD
53,SPY260605P00603000,2026-05-22 18:01:11+00:00,603.0,0.05,0.06,0.07,-0.02,-28.571426,200.0,105,0.411138701171875,False,REGULAR,USD
54,SPY260605P00604000,2026-05-22 17:46:12+00:00,604.0,0.05,0.06,0.07,-0.009999998,-16.666664,225.0,182,0.40820904296875,False,REGULAR,USD
55,SPY260605P00605000,2026-05-22 16:24:06+00:00,605.0,0.05,0.06,0.07,-0.02,-28.571426,6.0,77,0.405279384765625,False,REGULAR,USD
56,SPY260605P00606000,2026-05-20 15:39:42+00:00,606.0,0.09,0.06,0.07,0.0,0.0,1.0,87,0.4023497265625,False,REGULAR,USD
57,SPY260605P00607000,2026-05-21 16:46:04+00:00,607.0,0.07,0.06,0.07,0.0,0.0,450.0,554,0.39942006835937505,False,REGULAR,USD
58,SPY260605P00608000,2026-05-22 14:34:53+00:00,608.0,0.05,0.06,0.07,-0.02,-28.571426,275.0,539,0.39649041015625003,False,REGULAR,USD
59,SPY260605P00609000,2026-05-22 15:04:02+00:00,609.0,0.06,0.06,0.07,0.0,0.0,276.0,197,0.393560751953125,False,REGULAR,USD
60,SPY260605P00610000,2026-05-22 17:32:10+00:00,610.0,0.06,0.06,0.07,0.0,0.0,107.0,1046,0.39063109375,False,REGULAR,USD
61,SPY260605P00611000,2026-05-22 15:00:17+00:00,611.0,0.05,0.07,0.08,-0.040000003,-44.444447,1.0,263,0.393560751953125,False,REGULAR,USD
62,SPY260605P00612000,2026-05-22 15:33:35+00:00,612.0,0.05,0.07,0.08,-0.06999999,-58.333332,2.0,101,0.39063109375,False,REGULAR,USD
63,SPY260605P00613000,2026-05-22 13:50:01+00:00,613.0,0.06,0.07,0.08,-0.22,-78.57143,1.0,177,0.387701435546875,False,REGULAR,USD
64,SPY260605P00614000,2026-05-22 18:00:29+00:00,614.0,0.06,0.07,0.08,-0.06999999,-53.84615,275.0,206,0.38477177734374995,False,REGULAR,USD
65,SPY260605P00615000,2026-05-22 19:38:45+00:00,615.0,0.06,0.07,0.08,-0.030000005,-33.333336,1161.0,147,0.38184211914062494,False,REGULAR,USD
66,SPY260605P00616000,2026-05-22 17:45:55+00:00,616.0,0.06,0.07,0.08,-0.25,-80.645164,1219.0,216,0.3789124609375,False,REGULAR,USD
67,SPY260605P00617000,2026-05-22 19:53:52+00:00,617.0,0.09,0.07,0.08,-0.049999997,-35.714283,3.0,147,0.375982802734375,False,REGULAR,USD
68,SPY260605P00618000,2026-05-22 16:23:40+00:00,618.0,0.05,0.08,0.09,-0.06999999,-58.333332,4.0,227,0.37793590820312495,False,REGULAR,USD
69,SPY260605P00619000,2026-05-21 17:32:15+00:00,619.0,0.08,0.08,0.09,0.0,0.0,12.0,70,0.37500625,False,REGULAR,USD
70,SPY260605P00620000,2026-05-22 15:44:44+00:00,620.0,0.07,0.08,0.09,0.0,0.0,1.0,213,0.372076591796875,False,REGULAR,USD
71,SPY260605P00621000,2026-05-20 15:29:00+00:00,621.0,0.12,0.08,0.09,0.0,0.0,1.0,178,0.36914693359375,False,REGULAR,USD
72,SPY260605P00622000,2026-05-22 19:01:52+00:00,622.0,0.07,0.08,0.09,-0.020000003,-22.222225,100.0,122,0.366217275390625,False,REGULAR,USD
73,SPY260605P00623000,2026-05-22 19:01:46+00:00,623.0,0.07,0.08,0.09,-0.009999998,-12.499998,108.0,29,0.3632876171875,False,REGULAR,USD
74,SPY260605P00624000,2026-05-22 19:56:02+00:00,624.0,0.09,0.08,0.09,-0.049999997,-35.714283,3.0,146,0.36035795898437495,False,REGULAR,USD
75,SPY260605P00625000,2026-05-22 19:43:48+00:00,625.0,0.1,0.09,0.1,-0.019999996,-16.666664,50.0,628,0.362311064453125,False,REGULAR,USD
76,SPY260605P00626000,2026-05-21 19:03:47+00:00,626.0,0.1,0.09,0.1,0.0,0.0,4.0,149,0.35938140625,False,REGULAR,USD
77,SPY260605P00627000,2026-05-22 20:03:40+00:00,627.0,0.09,0.09,0.1,-0.029999994,-24.999996,1.0,100,0.35645174804687496,False,REGULAR,USD
78,SPY260605P00628000,2026-05-20 19:39:31+00:00,628.0,0.12,0.09,0.1,0.0,0.0,1.0,479,0.35352208984374994,False,REGULAR,USD
79,SPY260605P00629000,2026-05-18 18:02:21+00:00,629.0,0.28,0.09,0.1,0.0,0.0,63.0,66,0.3505924316406249,False,REGULAR,USD
80,SPY260605P00630000,2026-05-22 17:22:18+00:00,630.0,0.09,0.1,0.11,-0.009999998,-9.999998,41.0,894,0.35108070800781244,False,REGULAR,USD
81,SPY260605P00631000,2026-05-21 17:16:38+00:00,631.0,0.1,0.1,0.11,0.0,0.0,3.0,211,0.3481510498046875,False,REGULAR,USD
82,SPY260605P00632000,2026-05-22 17:34:25+00:00,632.0,0.08,0.1,0.11,-0.020000003,-20.000004,1.0,251,0.3452213916015625,False,REGULAR,USD
83,SPY260605P00633000,2026-05-21 16:11:48+00:00,633.0,0.12,0.1,0.11,0.0,0.0,3.0,126,0.34229173339843744,False,REGULAR,USD
84,SPY260605P00634000,2026-05-22 15:29:34+00:00,634.0,0.08,0.1,0.11,-0.04,-33.333336,57.0,222,0.3393620751953125,False,REGULAR,USD
85,SPY260605P00635000,2026-05-22 19:31:04+00:00,635.0,0.1,0.11,0.12,-0.009999998,-9.090907,50.0,1252,0.3398503515625,False,REGULAR,USD
86,SPY260605P00636000,2026-05-22 19:38:45+00:00,636.0,0.11,0.11,0.12,0.0,0.0,17.0,354,0.336920693359375,False,REGULAR,USD
87,SPY260605P00637000,2026-05-22 19:18:15+00:00,637.0,0.1,0.11,0.12,0.0,0.0,90.0,163,0.33399103515625,False,REGULAR,USD
88,SPY260605P00638000,2026-05-22 15:28:48+00:00,638.0,0.09,0.11,0.12,-0.029999994,-24.999996,101.0,152,0.331061376953125,False,REGULAR,USD
89,SPY260605P00639000,2026-05-21 19:57:15+00:00,639.0,0.1,0.12,0.13,0.0,0.0,8.0,153,0.331061376953125,False,REGULAR,USD
90,SPY260605P00640000,2026-05-22 19:26:38+00:00,640.0,0.1,0.12,0.13,-0.009999998,-9.090907,381.0,9199,0.32813171874999997,False,REGULAR,USD
91,SPY260605P00641000,2026-05-22 17:14:32+00:00,641.0,0.1,0.12,0.13,-0.019999996,-16.666664,58.0,311,0.32520206054687495,False,REGULAR,USD
92,SPY260605P00642000,2026-05-22 13:30:02+00:00,642.0,0.1,0.12,0.13,-0.029999994,-23.07692,8.0,134,0.32227240234374993,False,REGULAR,USD
93,SPY260605P00643000,2026-05-22 19:27:21+00:00,643.0,0.13,0.13,0.14,0.009999998,8.333332,10.0,29,0.32227240234374993,False,REGULAR,USD
94,SPY260605P00644000,2026-05-21 17:52:51+00:00,644.0,0.12,0.13,0.14,0.0,0.0,1.0,236,0.3193427441406249,False,REGULAR,USD
95,SPY260605P00645000,2026-05-22 20:02:36+00:00,645.0,0.15,0.13,0.14,0.030000009,25.00001,91.0,1907,0.31641308593749995,False,REGULAR,USD
96,SPY260605P00646000,2026-05-21 17:10:28+00:00,646.0,0.11,0.14,0.15,-0.049999997,-31.25,1.0,409,0.31641308593749995,False,REGULAR,USD
97,SPY260605P00647000,2026-05-21 17:16:09+00:00,647.0,0.15,0.14,0.15,0.0,0.0,1.0,831,0.313483427734375,False,REGULAR,USD
98,SPY260605P00648000,2026-05-15 14:40:04+00:00,648.0,0.47,0.14,0.15,0.0,0.0,32.0,187,0.3100654931640625,False,REGULAR,USD
99,SPY260605P00649000,2026-05-20 14:17:00+00:00,649.0,0.12,0.15,0.16,-0.13,-52.0,1.0,568,0.309577216796875,False,REGULAR,USD
100,SPY260605P00650000,2026-05-22 19:58:44+00:00,650.0,0.15,0.15,0.16,0.0,0.0,365.0,1683,0.30664755859375,False,REGULAR,USD
101,SPY260605P00651000,2026-05-21 17:51:56+00:00,651.0,0.15,0.15,0.17,0.0,0.0,55.0,552,0.3061592822265625,False,REGULAR,USD
102,SPY260605P00652000,2026-05-22 19:09:19+00:00,652.0,0.16,0.16,0.17,0.00999999,6.6666603,5.0,404,0.30322962402343745,False,REGULAR,USD
103,SPY260605P00653000,2026-05-22 14:42:57+00:00,653.0,0.14,0.16,0.17,-0.33999997,-70.83333,7.0,730,0.3002999658203125,False,REGULAR,USD
104,SPY260605P00654000,2026-05-21 17:20:35+00:00,654.0,0.17,0.17,0.18,0.0,0.0,10.0,189,0.29932341308593746,False,REGULAR,USD
105,SPY260605P00655000,2026-05-22 17:27:59+00:00,655.0,0.15,0.17,0.18,-0.019999996,-11.764703,17.0,2545,0.2963937548828125,False,REGULAR,USD
106,SPY260605P00656000,2026-05-18 13:55:36+00:00,656.0,0.17,0.17,0.19,-0.29000002,-63.04348,20.0,401,0.2954172021484375,False,REGULAR,USD
107,SPY260605P00657000,2026-05-22 16:53:52+00:00,657.0,0.15,0.18,0.19,-0.030000001,-16.666668,3.0,450,0.2924875439453124,False,REGULAR,USD
108,SPY260605P00658000,2026-05-22 16:49:03+00:00,658.0,0.16,0.18,0.19,-0.040000007,-20.000004,11.0,304,0.2893137475585937,False,REGULAR,USD
109,SPY260605P00659000,2026-05-21 19:58:36+00:00,659.0,0.17,0.19,0.2,-0.010000005,-5.555558,48.0,229,0.2880930566406249,False,REGULAR,USD
110,SPY260605P00660000,2026-05-22 19:23:09+00:00,660.0,0.18,0.19,0.2,-0.019999996,-9.999998,74.0,11170,0.28516339843749994,False,REGULAR,USD
111,SPY260605P00661000,2026-05-22 13:30:01+00:00,661.0,0.17,0.2,0.21,-0.030000001,-15.000001,2.0,142,0.2841868457031249,False,REGULAR,USD
112,SPY260605P00662000,2026-05-21 15:43:05+00:00,662.0,0.29,0.2,0.21,0.0,0.0,1.0,191,0.28076891113281244,False,REGULAR,USD
113,SPY260605P00663000,2026-05-22 20:04:27+00:00,663.0,0.21,0.21,0.22,0.0,0.0,7.0,245,0.2797923583984374,False,REGULAR,USD
114,SPY260605P00664000,2026-05-22 13:51:19+00:00,664.0,0.21,0.21,0.22,-0.19000001,-47.500004,3.0,277,0.2766185620117187,False,REGULAR,USD
115,SPY260605P00665000,2026-05-22 18:39:57+00:00,665.0,0.19,0.22,0.23,-0.030000001,-13.636364,40.0,2070,0.27539787109374997,False,REGULAR,USD
116,SPY260605P00666000,2026-05-22 20:14:57+00:00,666.0,0.23,0.22,0.24,-0.00999999,-4.1666627,16.0,179,0.2739330419921875,False,REGULAR,USD
117,SPY260605P00667000,2026-05-22 19:16:41+00:00,667.0,0.24,0.23,0.24,-0.16000001,-40.000004,1.0,203,0.270515107421875,False,REGULAR,USD
118,SPY260605P00668000,2026-05-22 17:45:57+00:00,668.0,0.21,0.24,0.25,-0.040000007,-16.000002,9.0,248,0.2690502783203125,False,REGULAR,USD
119,SPY260605P00669000,2026-05-22 19:56:02+00:00,669.0,0.25,0.24,0.25,0.010000005,4.166669,3.0,266,0.2661206201171875,False,REGULAR,USD
120,SPY260605P00670000,2026-05-22 20:13:02+00:00,670.0,0.25,0.25,0.26,0.0,0.0,208.0,2845,0.2644116528320312,False,REGULAR,USD
121,SPY260605P00671000,2026-05-22 19:46:52+00:00,671.0,0.3,0.26,0.27,0.02000001,7.1428614,68.0,344,0.26270268554687504,False,REGULAR,USD
122,SPY260605P00672000,2026-05-22 18:53:21+00:00,672.0,0.23,0.26,0.27,-0.049999997,-17.857141,33.0,480,0.25952888916015626,False,REGULAR,USD
123,SPY260605P00673000,2026-05-22 19:02:35+00:00,673.0,0.24,0.27,0.28,-0.049999997,-17.241379,7.0,286,0.257819921875,False,REGULAR,USD
124,SPY260605P00674000,2026-05-21 17:52:51+00:00,674.0,0.3,0.28,0.29,0.0,0.0,47.0,322,0.2561109545898438,False,REGULAR,USD
125,SPY260605P00675000,2026-05-22 19:43:25+00:00,675.0,0.31,0.28,0.3,0.0,0.0,54.0,2072,0.2541578491210938,False,REGULAR,USD
126,SPY260605P00676000,2026-05-22 18:29:38+00:00,676.0,0.31,0.29,0.3,-0.00999999,-3.1249971,3.0,317,0.25098405273437496,False,REGULAR,USD
127,SPY260605P00677000,2026-05-22 17:17:56+00:00,677.0,0.25,0.3,0.31,-0.16,-39.024387,17.0,1273,0.249030947265625,False,REGULAR,USD
128,SPY260605P00678000,2026-05-22 20:04:14+00:00,678.0,0.31,0.31,0.32,-0.06999999,-18.421051,402.0,245,0.247077841796875,False,REGULAR,USD
129,SPY260605P00679000,2026-05-22 17:50:50+00:00,679.0,0.29,0.32,0.33,-0.07000002,-19.444448,18.0,427,0.245124736328125,False,REGULAR,USD
130,SPY260605P00680000,2026-05-22 20:12:48+00:00,680.0,0.34,0.33,0.34,-0.030000001,-8.1081085,545.0,6416,0.24292749267578123,False,REGULAR,USD
131,SPY260605P00681000,2026-05-22 19:47:21+00:00,681.0,0.37,0.33,0.35,0.0,0.0,12.0,605,0.24073024902343748,False,REGULAR,USD
132,SPY260605P00682000,2026-05-22 19:42:10+00:00,682.0,0.35,0.34,0.36,-0.050000012,-12.500003,162.0,669,0.2386550744628906,False,REGULAR,USD
133,SPY260605P00683000,2026-05-22 20:14:37+00:00,683.0,0.35,0.35,0.37,-0.03999999,-10.256408,53.0,236,0.23645783081054686,False,REGULAR,USD
134,SPY260605P00684000,2026-05-22 19:11:18+00:00,684.0,0.35,0.36,0.38,-0.06999999,-16.666666,13.0,1007,0.23413851806640623,False,REGULAR,USD
135,SPY260605P00685000,2026-05-22 19:11:05+00:00,685.0,0.43,0.38,0.39,0.02000001,4.8780518,1633.0,1781,0.23194127441406248,False,REGULAR,USD
136,SPY260605P00686000,2026-05-22 20:13:43+00:00,686.0,0.39,0.39,0.4,-0.04000002,-9.302331,195.0,757,0.229499892578125,False,REGULAR,USD
137,SPY260605P00687000,2026-05-22 16:40:01+00:00,687.0,0.36,0.4,0.41,-0.109999985,-23.404253,6.0,556,0.22730264892578123,False,REGULAR,USD
138,SPY260605P00688000,2026-05-22 20:13:07+00:00,688.0,0.41,0.41,0.42,-0.060000002,-12.765958,36.0,789,0.22486126708984372,False,REGULAR,USD
139,SPY260605P00689000,2026-05-22 20:12:42+00:00,689.0,0.43,0.42,0.44,-0.15999997,-27.118639,101.0,1190,0.22327436889648436,False,REGULAR,USD
140,SPY260605P00690000,2026-05-22 19:20:09+00:00,690.0,0.45,0.44,0.45,-0.050000012,-10.000002,470.0,10548,0.22071091796874998,False,REGULAR,USD
141,SPY260605P00691000,2026-05-22 19:00:37+00:00,691.0,0.4,0.45,0.47,-0.15,-27.272728,38.0,479,0.21912401977539062,False,REGULAR,USD
142,SPY260605P00692000,2026-05-22 19:44:44+00:00,692.0,0.53,0.47,0.48,-0.030000031,-5.3571486,14991.0,15266,0.21656056884765623,False,REGULAR,USD
143,SPY260605P00693000,2026-05-22 19:42:42+00:00,693.0,0.55,0.48,0.5,-0.050000012,-8.333335,109.0,472,0.21472953247070312,False,REGULAR,USD
144,SPY260605P00694000,2026-05-22 19:34:42+00:00,694.0,0.58,0.5,0.52,-0.050000012,-7.9365096,457.0,590,0.21289849609375,False,REGULAR,USD
145,SPY260605P00695000,2026-05-22 20:05:17+00:00,695.0,0.53,0.52,0.53,-0.120000005,-18.46154,209.0,13911,0.21021297607421874,False,REGULAR,USD
146,SPY260605P00696000,2026-05-22 19:25:08+00:00,696.0,0.56,0.54,0.55,-0.07999998,-12.499998,182.0,679,0.20813780151367184,False,REGULAR,USD
147,SPY260605P00697000,2026-05-22 19:43:13+00:00,697.0,0.64,0.56,0.57,-0.050000012,-7.246379,830.0,3035,0.20606262695312497,False,REGULAR,USD
148,SPY260605P00698000,2026-05-22 19:41:42+00:00,698.0,0.65,0.58,0.59,-0.18,-21.686749,387.0,1363,0.20386538330078124,False,REGULAR,USD
149,SPY260605P00699000,2026-05-22 19:50:53+00:00,699.0,0.65,0.6,0.62,-0.09000003,-12.162167,121.0,473,0.2024005541992187,False,REGULAR,USD
150,SPY260605P00700000,2026-05-22 20:14:30+00:00,700.0,0.64,0.62,0.64,-0.13,-16.883118,4692.0,73510,0.2000812414550781,False,REGULAR,USD
151,SPY260605P00701000,2026-05-22 19:52:35+00:00,701.0,0.7,0.65,0.66,-0.100000024,-12.500003,66.0,579,0.1977619287109375,False,REGULAR,USD
152,SPY260605P00702000,2026-05-22 20:01:54+00:00,702.0,0.7,0.67,0.69,-0.13999999,-16.666666,18.0,3405,0.1959308923339844,False,REGULAR,USD
153,SPY260605P00703000,2026-05-22 19:45:21+00:00,703.0,0.79,0.7,0.72,-0.14999998,-15.957445,82.0,695,0.19409985595703128,False,REGULAR,USD
154,SPY260605P00704000,2026-05-22 19:36:10+00:00,704.0,0.79,0.73,0.75,-0.15999997,-16.842102,16.0,666,0.19214675048828128,False,REGULAR,USD
155,SPY260605P00705000,2026-05-22 20:01:44+00:00,705.0,0.8,0.76,0.78,-0.19999999,-19.999998,307.0,2585,0.1900715759277344,False,REGULAR,USD
156,SPY260605P00706000,2026-05-22 19:46:36+00:00,706.0,0.8,0.79,0.81,-0.20999998,-20.792078,151.0,735,0.1878743322753906,False,REGULAR,USD
157,SPY260605P00707000,2026-05-22 19:59:12+00:00,707.0,0.82,0.83,0.85,-0.32,-28.070175,302.0,559,0.18616536499023437,False,REGULAR,USD
158,SPY260605P00708000,2026-05-22 20:10:17+00:00,708.0,0.89,0.87,0.89,-0.26,-22.608696,485.0,631,0.18433432861328125,False,REGULAR,USD
159,SPY260605P00709000,2026-05-22 19:44:33+00:00,709.0,1.01,0.91,0.93,-0.18000007,-15.126056,83.0,1143,0.18238122314453126,False,REGULAR,USD
160,SPY260605P00710000,2026-05-22 20:13:25+00:00,710.0,0.97,0.95,0.97,-0.29999995,-23.622044,1768.0,3021,0.18030604858398439,False,REGULAR,USD
161,SPY260605P00711000,2026-05-22 20:14:39+00:00,711.0,1.01,1.0,1.02,-0.29999995,-22.90076,148.0,697,0.17865811584472657,False,REGULAR,USD
162,SPY260605P00712000,2026-05-22 20:03:40+00:00,712.0,1.08,1.04,1.07,-0.30999994,-22.302155,402.0,841,0.17682707946777343,False,REGULAR,USD
163,SPY260605P00713000,2026-05-22 19:18:05+00:00,713.0,1.17,1.1,1.12,-0.35000002,-23.026318,153.0,1206,0.17487397399902344,False,REGULAR,USD
164,SPY260605P00714000,2026-05-22 19:55:57+00:00,714.0,1.18,1.15,1.17,-0.34000003,-22.368423,240.0,673,0.17285983398437502,False,REGULAR,USD
165,SPY260605P00715000,2026-05-22 20:05:50+00:00,715.0,1.23,1.21,1.23,-0.39999998,-24.539875,1101.0,4040,0.1710287976074219,False,REGULAR,USD
166,SPY260605P00716000,2026-05-22 19:46:52+00:00,716.0,1.42,1.27,1.29,-0.31000006,-17.919079,188.0,594,0.16913672668457033,False,REGULAR,USD
167,SPY260605P00717000,2026-05-22 20:01:54+00:00,717.0,1.4,1.34,1.36,-0.38,-21.348314,942.0,1780,0.16742775939941407,False,REGULAR,USD
168,SPY260605P00718000,2026-05-22 19:28:22+00:00,718.0,1.48,1.41,1.43,-0.47000003,-24.102566,674.0,1489,0.16559672302246098,False,REGULAR,USD
169,SPY260605P00719000,2026-05-22 20:02:14+00:00,719.0,1.55,1.48,1.51,-0.48000002,-23.645323,351.0,4989,0.16394879028320314,False,REGULAR,USD
170,SPY260605P00720000,2026-05-22 20:14:30+00:00,720.0,1.56,1.56,1.59,-0.54999995,-26.06635,2509.0,7773,0.16211775390625,False,REGULAR,USD
171,SPY260605P00721000,2026-05-22 20:13:25+00:00,721.0,1.66,1.65,1.67,-0.56000006,-25.225227,415.0,1666,0.1601646484375,False,REGULAR,USD
172,SPY260605P00722000,2026-05-22 20:00:50+00:00,722.0,1.83,1.74,1.76,-0.5500001,-23.109245,15656.0,15141,0.1583946466064453,False,REGULAR,USD
173,SPY260605P00723000,2026-05-22 20:05:43+00:00,723.0,1.87,1.83,1.86,-0.61,-24.596775,222.0,1673,0.15668567932128907,False,REGULAR,USD
174,SPY260605P00724000,2026-05-22 20:05:20+00:00,724.0,1.98,1.94,1.97,-0.72,-26.666668,353.0,1766,0.1550987811279297,False,REGULAR,USD
175,SPY260605P00725000,2026-05-22 20:13:20+00:00,725.0,2.09,2.05,2.08,-0.6600001,-24.000002,4116.0,57142,0.15335929656982422,False,REGULAR,USD
176,SPY260605P00726000,2026-05-22 20:12:52+00:00,726.0,2.22,2.17,2.2,-0.6600001,-22.916668,610.0,1018,0.1516808465576172,False,REGULAR,USD
177,SPY260605P00727000,2026-05-22 20:04:23+00:00,727.0,2.38,2.29,2.32,-0.8299999,-25.856695,304.0,2919,0.14978877563476564,False,REGULAR,USD
178,SPY260605P00728000,2026-05-22 20:05:01+00:00,728.0,2.51,2.43,2.46,-0.74,-22.76923,321.0,1358,0.14820187744140628,False,REGULAR,USD
179,SPY260605P00729000,2026-05-22 19:53:49+00:00,729.0,2.71,2.57,2.6,-0.69000006,-20.294119,219.0,1064,0.14643187561035154,False,REGULAR,USD
180,SPY260605P00730000,2026-05-22 20:14:54+00:00,730.0,2.74,2.73,2.76,-0.8799999,-24.30939,3024.0,16633,0.14490601196289063,False,REGULAR,USD
181,SPY260605P00731000,2026-05-22 20:13:26+00:00,731.0,2.91,2.89,2.92,-0.89999986,-23.622044,192.0,1384,0.14313601013183597,False,REGULAR,USD
182,SPY260605P00732000,2026-05-22 20:13:26+00:00,732.0,3.09,3.06,3.09,-1.05,-25.362318,304.0,1692,0.14136600830078128,False,REGULAR,USD
183,SPY260605P00733000,2026-05-22 19:24:59+00:00,733.0,3.33,3.25,3.28,-0.97000027,-22.558146,1039.0,1189,0.13980962738037112,False,REGULAR,USD
184,SPY260605P00734000,2026-05-22 20:14:47+00:00,734.0,3.48,3.44,3.48,-1.06,-23.348017,691.0,1450,0.1381922119140625,False,REGULAR,USD
185,SPY260605P00735000,2026-05-22 20:14:25+00:00,735.0,3.68,3.65,3.68,-1.1400001,-23.651453,7535.0,7045,0.1363306582641602,False,REGULAR,USD
186,SPY260605P00736000,2026-05-22 20:09:53+00:00,736.0,3.95,3.87,3.91,-1.2299998,-23.74517,537.0,1063,0.13480479461669925,False,REGULAR,USD
187,SPY260605P00737000,2026-05-22 20:07:32+00:00,737.0,4.25,4.11,4.14,-1.0100002,-19.201525,952.0,3050,0.1330042755126953,False,REGULAR,USD
188,SPY260605P00738000,2026-05-22 20:11:45+00:00,738.0,4.44,4.36,4.39,-1.1599998,-20.714283,530.0,1663,0.13129530822753904,False,REGULAR,USD
189,SPY260605P00739000,2026-05-22 20:09:53+00:00,739.0,4.73,4.62,4.66,-1.29,-21.42857,422.0,1044,0.12964737548828126,False,REGULAR,USD
190,SPY260605P00740000,2026-05-22 20:14:28+00:00,740.0,4.93,4.91,4.95,-1.3500004,-21.49682,4157.0,4390,0.12806047729492187,False,REGULAR,USD
191,SPY260605P00741000,2026-05-22 19:57:13+00:00,741.0,5.3,5.21,5.25,-1.3999996,-20.895517,475.0,894,0.1263820272827148,False,REGULAR,USD
192,SPY260605P00742000,2026-05-22 20:07:32+00:00,742.0,5.67,5.53,5.57,-1.3800001,-19.574469,770.0,827,0.1247035772705078,False,REGULAR,USD
193,SPY260605P00743000,2026-05-22 20:09:34+00:00,743.0,6.0,5.87,5.91,-1.4200001,-19.137468,545.0,567,0.12302512725830078,False,REGULAR,USD
194,SPY260605P00744000,2026-05-22 20:13:16+00:00,744.0,6.31,6.23,6.27,-1.6700001,-20.927319,888.0,470,0.12134667724609374,False,REGULAR,USD
195,SPY260605P00745000,2026-05-22 20:11:59+00:00,745.0,6.76,6.61,6.65,-1.5299997,-18.455967,4130.0,1606,0.11963770996093749,False,REGULAR,USD
196,SPY260605P00746000,2026-05-22 20:14:52+00:00,746.0,7.06,7.02,7.06,-1.9100003,-21.293201,1288.0,832,0.11808132904052734,True,REGULAR,USD
197,SPY260605P00747000,2026-05-22 20:14:58+00:00,747.0,7.46,7.45,7.49,-2.88,-27.853,2597.0,491,0.11643339630126953,True,REGULAR,USD
198,SPY260605P00748000,2026-05-22 20:14:20+00:00,748.0,7.95,7.9,7.94,-3.0500002,-27.727274,1245.0,316,0.1147549462890625,True,REGULAR,USD
199,SPY260605P00749000,2026-05-22 19:59:26+00:00,749.0,8.35,8.37,8.42,-2.5,-23.041473,529.0,123,0.1131375308227539,True,REGULAR,USD
200,SPY260605P00750000,2026-05-22 20:12:43+00:00,750.0,9.0,8.78,9.02,-1.9300003,-17.657825,1081.0,251,0.11319856536865235,True,REGULAR,USD
201,SPY260605P00751000,2026-05-22 19:49:29+00:00,751.0,10.03,9.32,9.7,-1.6400003,-14.05313,134.0,35,0.11429718719482423,True,REGULAR,USD
202,SPY260605P00752000,2026-05-22 19:46:58+00:00,752.0,10.62,9.87,10.18,-1.4300003,-11.867222,139.0,29,0.11133701171874999,True,REGULAR,USD
203,SPY260605P00753000,2026-05-22 19:46:01+00:00,753.0,11.0,10.5,10.75,-3.67,-25.01704,53.0,105,0.10950597534179687,True,REGULAR,USD
204,SPY260605P00754000,2026-05-22 18:04:32+00:00,754.0,10.38,11.0,11.46,-3.2399998,-23.788544,41.0,15,0.1098721826171875,True,REGULAR,USD
205,SPY260605P00755000,2026-05-22 20:01:35+00:00,755.0,12.3,11.69,11.96,-1.9899998,-13.92582,799.0,70,0.10556924713134765,True,REGULAR,USD
206,SPY260605P00756000,2026-05-22 18:04:28+00:00,756.0,11.62,12.33,12.77,-3.37,-22.481655,4.0,22,0.10703407623291016,True,REGULAR,USD
207,SPY260605P00757000,2026-05-22 18:04:28+00:00,757.0,12.3,12.95,13.46,-3.2799997,-21.05263,26.0,28,0.10553872985839843,True,REGULAR,USD
208,SPY260605P00758000,2026-05-22 16:38:19+00:00,758.0,13.02,13.57,14.17,-3.4699993,-21.043053,1.0,3,0.10389079711914062,True,REGULAR,USD
209,SPY260605P00759000,2026-05-22 19:01:55+00:00,759.0,13.89,14.43,14.81,-3.3599997,-19.478258,14.0,5,0.0997709652709961,True,REGULAR,USD
210,SPY260605P00760000,2026-05-22 20:15:00+00:00,760.0,15.39,15.18,15.58,-3.0299997,-16.449509,45.0,51,0.0981535498046875,True,REGULAR,USD
211,SPY260605P00762000,2026-05-21 15:10:22+00:00,762.0,25.0,16.66,17.28,0.0,0.0,2.0,3,0.0976652734375,True,REGULAR,USD
212,SPY260605P00763000,2026-05-22 13:47:26+00:00,763.0,16.71,17.48,18.11,-6.7400017,-28.74201,1.0,2,0.09583423706054689,True,REGULAR,USD
213,SPY260605P00764000,2026-05-22 16:08:12+00:00,764.0,17.39,18.34,18.97,-6.8900013,-28.37727,1.0,0,0.09436940795898438,True,REGULAR,USD
214,SPY260605P00765000,2026-05-22 19:25:07+00:00,765.0,19.47,19.26,19.78,-5.800001,-22.952122,2.0,19,0.08948664428710937,True,REGULAR,USD
215,SPY260605P00767000,2026-05-15 13:44:24+00:00,767.0,28.54,20.0,22.71,0.0,0.0,2.0,0,0.13172255004882813,True,REGULAR,USD
216,SPY260605P00770000,2026-05-22 14:58:08+00:00,770.0,23.58,22.75,25.53,-5.09,-17.75375,194.0,13,0.13794807373046875,True,REGULAR,USD
217,SPY260605P00775000,2026-05-22 17:06:51+00:00,775.0,28.67,27.64,30.43,-9.83,-25.532467,10.0,0,0.1534508483886719,True,REGULAR,USD
218,SPY260605P00780000,2026-05-22 13:31:54+00:00,780.0,33.24,32.63,35.43,-9.149998,-21.585274,2.0,2,0.17176121215820314,True,REGULAR,USD
219,SPY260605P00790000,2026-05-11 17:40:56+00:00,790.0,49.8,42.63,45.42,0.0,0.0,,0,0.2063067651367187,True,REGULAR,USD
220,SPY260605P00800000,2026-05-21 17:17:06+00:00,800.0,57.81,52.63,55.42,0.0,0.0,2.0,0,0.23963162719726558,True,REGULAR,USD
221,SPY260605P00835000,2026-04-28 16:56:31+00:00,835.0,124.77,87.63,90.42,0.0,0.0,,0,0.34680828979492184,True,REGULAR,USD
222,SPY260605P00845000,2026-04-28 16:56:31+00:00,845.0,134.79,97.63,100.42,0.0,0.0,,0,0.3753724572753906,True,REGULAR,USD
